employee_id,department,job_level,monthly_salary,engagement_score,promotions_last_3yrs,attrition_risk_score,risk_category
1955,Finance,Mid,8342,2.1,0,0.96,High Risk
1671,Finance,Manager,8114,2.1,0,0.957,High Risk
1066,Legal,Lead,20905,1.2,0,0.93,High Risk
1258,Operations,Senior,18639,1.7,0,0.927,High Risk
1537,Finance,Senior,7601,1.0,0,0.914,High Risk
1179,IT,Junior,7933,4.3,0,0.912,High Risk
1868,Operations,Senior,8010,1.1,0,0.908,High Risk
1804,IT,Lead,20792,1.8,0,0.904,High Risk
1273,Finance,Mid,16298,1.3,0,0.903,High Risk
1260,Sales,Lead,15003,1.8,0,0.903,High Risk
1016,HR,Lead,5901,1.1,1,0.903,High Risk
1058,IT,Senior,33562,1.3,0,0.903,High Risk
1361,Legal,Junior,32125,1.0,0,0.9,High Risk
1304,IT,Mid,5371,3.9,0,0.9,High Risk
1865,Legal,Lead,21684,2.0,0,0.891,High Risk
1423,Legal,Manager,7721,2.7,0,0.89,High Risk
1268,Legal,Mid,21574,2.1,0,0.888,High Risk
1195,Legal,Junior,7371,1.1,1,0.882,High Risk
1089,Sales,Lead,9476,1.6,0,0.882,High Risk
1484,Finance,Lead,5145,2.5,0,0.881,High Risk
1080,IT,Lead,6001,1.9,0,0.879,High Risk
1433,IT,Senior,11240,1.0,0,0.878,High Risk
1773,Sales,Mid,5556,2.1,1,0.877,High Risk
1064,Operations,Junior,6462,1.2,2,0.877,High Risk
1033,Sales,Junior,12036,1.7,0,0.876,High Risk
1093,Legal,Mid,6191,2.2,2,0.876,High Risk
1599,Sales,Junior,26709,1.5,0,0.875,High Risk
1404,Legal,Lead,21344,1.1,1,0.875,High Risk
1743,Operations,Manager,24585,1.0,0,0.874,High Risk
1341,IT,Lead,5983,1.8,1,0.873,High Risk
1997,Finance,Senior,12288,1.2,0,0.87,High Risk
1492,HR,Manager,26571,1.1,0,0.867,High Risk
1909,Legal,Mid,20627,1.1,0,0.867,High Risk
1233,Legal,Lead,24581,1.3,0,0.864,High Risk
1131,Finance,Junior,15724,2.2,1,0.863,High Risk
1145,HR,Lead,5198,1.5,1,0.863,High Risk
1963,Operations,Manager,25901,2.3,0,0.862,High Risk
1172,IT,Mid,6129,1.1,1,0.862,High Risk
1071,Finance,Junior,7068,1.5,0,0.861,High Risk
1914,IT,Lead,7831,4.4,0,0.861,High Risk
1441,Operations,Lead,6706,1.1,2,0.859,High Risk
1805,Legal,Lead,27865,2.2,0,0.855,High Risk
1922,Sales,Mid,26695,1.7,0,0.853,High Risk
1413,Finance,Mid,31312,1.3,0,0.852,High Risk
1091,Operations,Lead,5515,2.8,0,0.849,High Risk
1224,Operations,Senior,6030,2.5,0,0.849,High Risk
1015,IT,Lead,23981,2.2,0,0.846,High Risk
1499,Legal,Senior,7521,2.3,1,0.845,High Risk
1544,Sales,Junior,25214,2.2,0,0.842,High Risk
1698,IT,Senior,9151,1.1,1,0.841,High Risk
1925,Operations,Lead,8089,1.6,0,0.839,High Risk
1290,Operations,Lead,13881,2.1,1,0.838,High Risk
1024,IT,Mid,29436,2.0,1,0.837,High Risk
1941,HR,Lead,27884,1.7,0,0.837,High Risk
1278,Operations,Senior,5615,3.9,0,0.836,High Risk
1899,Legal,Junior,20126,1.5,0,0.836,High Risk
1221,IT,Manager,33350,2.3,1,0.835,High Risk
1157,IT,Lead,5178,3.2,0,0.834,High Risk
1196,HR,Lead,32662,1.5,0,0.834,High Risk
1776,Sales,Lead,23504,1.7,1,0.832,High Risk
1893,HR,Mid,22985,2.0,0,0.829,High Risk
1520,HR,Senior,33614,1.4,2,0.829,High Risk
1263,IT,Lead,10178,2.2,0,0.828,High Risk
1937,Operations,Mid,6797,3.1,0,0.826,High Risk
1833,HR,Lead,28439,1.8,0,0.824,High Risk
1798,Sales,Lead,19873,1.2,1,0.823,High Risk
1723,HR,Senior,32070,1.2,0,0.822,High Risk
1977,Finance,Mid,8309,1.5,1,0.82,High Risk
1678,Sales,Mid,14951,2.0,0,0.819,High Risk
1037,Legal,Senior,23432,1.8,0,0.815,High Risk
1451,HR,Senior,33229,1.2,0,0.815,High Risk
1373,Operations,Senior,19645,1.4,0,0.814,High Risk
1503,IT,Lead,6867,2.3,1,0.812,High Risk
1874,Finance,Junior,6537,1.8,1,0.811,High Risk
1389,HR,Manager,8199,2.1,2,0.802,High Risk
1670,IT,Lead,15833,1.4,0,0.8,High Risk
1965,Operations,Junior,6641,1.6,2,0.797,High Risk
1113,IT,Senior,11915,1.0,2,0.796,High Risk
1795,IT,Manager,9626,1.8,1,0.796,High Risk
1611,HR,Manager,6861,3.9,0,0.796,High Risk
1680,HR,Senior,8174,2.8,0,0.795,High Risk
1107,HR,Mid,11222,2.2,1,0.794,High Risk
1059,Finance,Senior,9576,3.3,0,0.793,High Risk
1554,IT,Lead,6301,1.2,2,0.793,High Risk
1438,Operations,Junior,15364,2.3,0,0.791,High Risk
1916,IT,Senior,24105,1.0,0,0.791,High Risk
1335,Operations,Mid,25866,1.7,0,0.79,High Risk
1774,Finance,Senior,18393,2.0,0,0.79,High Risk
1961,Sales,Lead,30464,1.6,0,0.789,High Risk
1121,HR,Manager,5066,5.0,0,0.789,High Risk
1858,Finance,Lead,24097,1.2,0,0.788,High Risk
1962,IT,Mid,32914,1.1,0,0.788,High Risk
1292,IT,Manager,10603,1.9,2,0.785,High Risk
1760,IT,Lead,6364,4.9,0,0.782,High Risk
1472,IT,Senior,18390,1.4,0,0.781,High Risk
1004,Operations,Senior,16664,2.0,0,0.779,High Risk
1117,Finance,Manager,16452,1.1,0,0.777,High Risk
1886,Sales,Junior,7941,1.1,0,0.776,High Risk
1598,IT,Senior,15691,1.8,1,0.773,High Risk
1744,Finance,Mid,10471,2.1,1,0.772,High Risk
1749,Finance,Senior,8720,3.7,1,0.772,High Risk
1489,Finance,Manager,9565,1.7,1,0.769,High Risk
1417,Finance,Lead,29840,1.0,0,0.769,High Risk
1879,Sales,Senior,30739,2.1,0,0.769,High Risk
1508,IT,Senior,24583,1.3,2,0.764,High Risk
1347,Operations,Lead,20581,1.1,0,0.762,High Risk
1092,Finance,Mid,17478,1.7,0,0.759,High Risk
1788,Finance,Junior,16468,1.8,0,0.759,High Risk
1188,HR,Junior,5893,1.9,2,0.758,High Risk
1055,IT,Mid,32464,1.7,0,0.756,High Risk
1175,Sales,Senior,16970,2.4,1,0.752,High Risk
1079,Operations,Mid,19622,1.3,0,0.746,High Risk
1119,Sales,Mid,9712,1.9,2,0.745,High Risk
1454,Operations,Mid,9897,4.6,2,0.739,High Risk
1699,HR,Junior,13911,1.4,1,0.738,High Risk
1855,IT,Lead,16496,2.1,0,0.738,High Risk
1310,Operations,Junior,5446,4.5,1,0.736,High Risk
1299,Sales,Junior,16695,1.5,0,0.735,High Risk
1885,Finance,Senior,31327,2.2,0,0.733,High Risk
1607,HR,Lead,29700,1.5,1,0.732,High Risk
1471,Sales,Manager,18264,1.6,2,0.732,High Risk
1637,Finance,Mid,21931,1.4,2,0.73,High Risk
1976,Sales,Lead,15358,2.3,0,0.73,High Risk
1660,IT,Junior,7460,3.6,0,0.728,High Risk
1636,Operations,Mid,12118,1.2,1,0.724,High Risk
1234,IT,Junior,27424,1.8,0,0.724,High Risk
1481,Sales,Lead,15050,2.2,2,0.721,High Risk
1213,Finance,Lead,27194,1.4,0,0.717,High Risk
1313,Operations,Senior,22724,1.5,1,0.716,High Risk
1040,IT,Senior,23860,2.4,0,0.715,High Risk
1293,Legal,Manager,7212,1.5,0,0.713,High Risk
1617,Legal,Lead,21821,2.0,0,0.712,High Risk
1207,IT,Senior,20901,1.0,0,0.711,High Risk
1719,HR,Mid,12382,1.9,1,0.709,High Risk
1521,IT,Lead,29658,1.5,0,0.708,High Risk
1244,Finance,Junior,26378,1.2,0,0.707,High Risk
1410,Operations,Lead,20154,1.2,0,0.707,High Risk
1267,Operations,Mid,7716,2.3,2,0.704,High Risk
1323,HR,Lead,26197,1.4,1,0.703,High Risk
1437,Finance,Junior,16523,2.1,0,0.701,High Risk
1496,Operations,Mid,7410,4.6,0,0.7,High Risk
1762,Legal,Junior,17982,1.2,1,0.698,High Risk
1171,Finance,Senior,5731,3.8,2,0.69,High Risk
1754,IT,Lead,28345,2.4,0,0.687,High Risk
1980,HR,Senior,11665,2.0,1,0.684,High Risk
1439,Sales,Manager,8153,1.5,2,0.684,High Risk
1610,HR,Junior,15891,1.4,1,0.682,High Risk
1422,IT,Lead,28829,2.4,1,0.682,High Risk
1298,Finance,Lead,33386,1.1,2,0.682,High Risk
1047,Operations,Manager,31337,1.8,0,0.675,High Risk
1811,IT,Lead,5786,2.1,2,0.673,High Risk
1026,Sales,Senior,22632,1.6,0,0.669,High Risk
1842,Operations,Junior,34813,1.6,1,0.669,High Risk
1125,Legal,Junior,20103,1.2,0,0.661,High Risk
1691,Sales,Mid,15313,2.1,0,0.656,High Risk
1878,HR,Senior,10680,2.1,1,0.653,High Risk
1285,HR,Manager,25008,1.7,2,0.651,High Risk
1337,Finance,Junior,19894,1.7,1,0.643,High Risk
1474,Sales,Mid,5918,1.3,0,0.641,High Risk
1656,Finance,Senior,8225,1.9,2,0.64,High Risk
1846,HR,Lead,12367,2.4,0,0.64,High Risk
1502,Operations,Manager,10882,3.2,0,0.639,High Risk
1421,HR,Manager,29277,1.6,0,0.638,High Risk
1013,IT,Lead,23680,1.5,2,0.636,High Risk
1072,HR,Lead,10753,2.2,2,0.632,High Risk
1551,Operations,Senior,6230,4.2,0,0.63,High Risk
1199,HR,Manager,20906,1.8,0,0.63,High Risk
1284,Finance,Manager,8158,3.7,0,0.63,High Risk
1987,Legal,Mid,5882,3.5,0,0.626,High Risk
1984,Operations,Lead,30538,1.6,1,0.626,High Risk
1507,IT,Lead,16461,2.4,2,0.624,High Risk
1019,Finance,Junior,23061,2.4,0,0.618,High Risk
1126,Legal,Senior,9616,1.8,0,0.616,High Risk
1400,Legal,Manager,14053,1.4,0,0.615,High Risk
1229,Sales,Manager,34189,1.5,1,0.608,High Risk
1219,IT,Manager,6577,1.4,0,0.607,High Risk
1370,Legal,Junior,23445,2.0,1,0.604,High Risk
1332,IT,Manager,15486,1.1,0,0.601,High Risk
1959,HR,Junior,9500,3.4,0,0.6,High Risk
1381,IT,Junior,20804,1.6,2,0.595,Medium Risk
1393,HR,Junior,34519,2.3,1,0.593,Medium Risk
1495,Sales,Senior,13243,4.4,0,0.591,Medium Risk
1062,Finance,Junior,29299,1.1,2,0.59,Medium Risk
1056,Legal,Senior,14856,2.4,0,0.589,Medium Risk
1791,IT,Lead,12950,2.0,0,0.589,Medium Risk
1978,IT,Senior,21929,1.4,2,0.589,Medium Risk
1565,Finance,Junior,34491,1.4,0,0.588,Medium Risk
1005,HR,Mid,13219,2.2,1,0.587,Medium Risk
1653,IT,Manager,25175,2.0,0,0.583,Medium Risk
1573,Sales,Manager,27746,2.1,2,0.581,Medium Risk
1271,IT,Junior,13181,2.1,1,0.579,Medium Risk
1050,Operations,Mid,9818,1.6,2,0.577,Medium Risk
1264,Finance,Manager,20240,1.3,0,0.577,Medium Risk
1377,IT,Mid,33215,1.8,1,0.575,Medium Risk
1903,IT,Senior,11273,2.0,1,0.573,Medium Risk
1030,Sales,Lead,27463,2.1,1,0.571,Medium Risk
1954,HR,Manager,22416,2.1,1,0.57,Medium Risk
1524,Sales,Mid,14142,4.6,0,0.567,Medium Risk
1638,Finance,Lead,15860,1.1,1,0.566,Medium Risk
1485,Operations,Manager,18929,1.1,0,0.566,Medium Risk
1945,Finance,Senior,16332,1.3,1,0.564,Medium Risk
1948,Operations,Junior,17479,1.3,1,0.554,Medium Risk
1427,Finance,Senior,15490,1.9,1,0.554,Medium Risk
1894,Operations,Junior,32369,1.9,0,0.552,Medium Risk
1713,HR,Junior,26118,1.3,2,0.549,Medium Risk
1111,Legal,Manager,8676,2.9,0,0.535,Medium Risk
1156,Legal,Manager,16469,1.9,0,0.526,Medium Risk
1736,HR,Junior,21727,2.3,1,0.526,Medium Risk
1996,Operations,Junior,33885,1.4,0,0.52,Medium Risk
1592,HR,Mid,24782,1.1,0,0.515,Medium Risk
1882,IT,Lead,27432,2.4,1,0.515,Medium Risk
1550,IT,Senior,18272,2.0,1,0.514,Medium Risk
1297,Legal,Lead,23640,2.3,0,0.513,Medium Risk
1526,Legal,Manager,30186,1.4,0,0.511,Medium Risk
1782,Finance,Manager,12162,1.1,1,0.509,Medium Risk
1190,Legal,Lead,24773,1.3,0,0.509,Medium Risk
1352,IT,Lead,13737,1.8,0,0.504,Medium Risk
1169,Legal,Senior,8084,3.0,2,0.503,Medium Risk
1717,Sales,Junior,20630,1.5,1,0.503,Medium Risk
1796,Operations,Mid,24289,1.3,1,0.499,Medium Risk
1629,Legal,Mid,27988,1.8,2,0.497,Medium Risk
1566,HR,Senior,28380,1.7,1,0.494,Medium Risk
1256,IT,Junior,12389,1.4,1,0.493,Medium Risk
1693,Legal,Manager,25462,2.1,1,0.484,Medium Risk
1733,Operations,Senior,24621,2.0,0,0.482,Medium Risk
1900,Legal,Senior,20613,1.1,0,0.482,Medium Risk
1194,IT,Lead,8432,2.1,1,0.471,Medium Risk
1140,HR,Mid,34769,1.5,0,0.464,Medium Risk
1829,Operations,Junior,19086,1.4,1,0.46,Medium Risk
1206,Sales,Junior,29070,2.2,1,0.459,Medium Risk
1946,IT,Manager,11666,3.4,0,0.456,Medium Risk
1205,Operations,Lead,27115,2.0,1,0.455,Medium Risk
1149,Finance,Lead,22174,1.1,0,0.454,Medium Risk
1184,IT,Senior,19037,2.3,1,0.451,Medium Risk
1110,Sales,Junior,25225,2.2,1,0.445,Medium Risk
1480,HR,Senior,8779,3.8,2,0.444,Medium Risk
1594,HR,Manager,27350,2.2,0,0.443,Medium Risk
1641,IT,Mid,10338,1.2,1,0.439,Medium Risk
1847,Legal,Senior,8228,4.2,1,0.438,Medium Risk
1951,Sales,Manager,5534,3.2,0,0.436,Medium Risk
1453,Legal,Lead,10583,2.4,1,0.428,Medium Risk
1518,Sales,Manager,14599,2.1,1,0.423,Medium Risk
1159,Sales,Lead,25470,1.6,1,0.423,Medium Risk
1912,Legal,Senior,31111,1.1,1,0.416,Medium Risk
1211,HR,Senior,26493,1.3,1,0.416,Medium Risk
1630,Legal,Manager,34062,1.6,1,0.415,Medium Risk
1374,Sales,Lead,18668,2.0,0,0.408,Medium Risk
1704,Legal,Senior,5666,3.1,1,0.406,Medium Risk
1589,IT,Manager,5534,4.8,0,0.406,Medium Risk
1675,IT,Mid,25028,2.1,1,0.403,Medium Risk
1426,HR,Lead,14637,1.9,2,0.397,Medium Risk
1758,Finance,Manager,24385,1.7,1,0.394,Medium Risk
1538,Sales,Manager,24041,1.6,1,0.392,Medium Risk
1564,IT,Mid,23300,1.2,2,0.392,Medium Risk
1703,Operations,Junior,17861,1.8,2,0.39,Medium Risk
1727,Legal,Manager,7121,3.2,0,0.39,Medium Risk
1619,HR,Mid,15740,1.3,2,0.389,Medium Risk
1831,IT,Lead,23733,2.1,2,0.384,Medium Risk
1350,Legal,Senior,28308,1.2,1,0.382,Medium Risk
1892,Finance,Mid,15151,2.1,1,0.382,Medium Risk
1214,Sales,Senior,25039,1.1,2,0.381,Medium Risk
1419,Legal,Mid,7659,2.5,2,0.378,Medium Risk
1399,Finance,Senior,6505,4.7,1,0.376,Medium Risk
1608,Operations,Junior,22488,2.3,2,0.375,Medium Risk
1161,Operations,Junior,27616,1.7,0,0.373,Medium Risk
1147,Legal,Junior,31357,1.6,1,0.371,Medium Risk
1936,Finance,Junior,20378,1.5,2,0.371,Medium Risk
1368,Sales,Mid,30496,1.4,2,0.368,Medium Risk
1779,Finance,Lead,5156,2.9,2,0.367,Medium Risk
1942,IT,Lead,22199,1.7,1,0.36,Medium Risk
1786,Legal,Manager,9654,3.2,0,0.36,Medium Risk
1919,Legal,Junior,29813,1.6,1,0.358,Medium Risk
1830,Finance,Mid,14261,3.0,0,0.356,Medium Risk
1106,Operations,Senior,5787,2.7,0,0.355,Medium Risk
1041,Sales,Lead,33592,1.1,2,0.355,Medium Risk
1515,Sales,Senior,5240,1.9,2,0.349,Medium Risk
1998,Finance,Lead,8203,3.7,1,0.348,Medium Risk
1512,IT,Senior,34511,2.3,2,0.347,Medium Risk
1398,IT,Lead,11054,2.0,2,0.343,Medium Risk
1904,Operations,Mid,6299,2.9,2,0.343,Medium Risk
1173,HR,Lead,33022,1.2,2,0.343,Medium Risk
1443,Legal,Junior,6567,3.7,1,0.342,Medium Risk
1546,Sales,Junior,9368,4.4,0,0.341,Medium Risk
1826,IT,Manager,12011,1.9,2,0.34,Medium Risk
1995,Legal,Manager,10204,1.7,1,0.337,Medium Risk
1431,Finance,Mid,28488,1.7,2,0.335,Medium Risk
1651,Finance,Junior,13997,4.4,0,0.334,Medium Risk
1165,Sales,Mid,7795,2.1,1,0.331,Medium Risk
1682,Operations,Lead,7630,2.6,2,0.329,Medium Risk
1848,Legal,Manager,9582,2.6,1,0.326,Medium Risk
1939,Legal,Mid,28706,1.7,0,0.325,Medium Risk
1557,IT,Lead,6910,1.8,2,0.322,Medium Risk
1888,Legal,Lead,32371,1.9,1,0.321,Medium Risk
1052,Finance,Lead,26007,2.1,2,0.32,Medium Risk
1790,Legal,Manager,5154,2.9,0,0.32,Medium Risk
1862,Operations,Lead,12328,3.1,0,0.318,Medium Risk
1076,Finance,Manager,11191,3.4,0,0.317,Medium Risk
1679,IT,Mid,7565,2.6,0,0.316,Medium Risk
1898,Operations,Lead,24660,1.9,1,0.314,Medium Risk
1355,IT,Lead,34931,2.2,1,0.313,Medium Risk
1741,Finance,Senior,31852,2.1,1,0.312,Medium Risk
1620,IT,Junior,8129,3.5,1,0.311,Medium Risk
1099,Operations,Junior,21655,1.5,2,0.31,Medium Risk
1836,HR,Lead,28349,1.8,1,0.31,Medium Risk
1354,IT,Junior,9174,3.6,1,0.308,Medium Risk
1615,Sales,Junior,20699,1.7,2,0.308,Medium Risk
1435,Finance,Senior,5215,3.2,0,0.308,Medium Risk
1631,Finance,Manager,8918,5.0,0,0.307,Medium Risk
1718,Legal,Mid,25056,2.3,1,0.305,Medium Risk
1750,Operations,Mid,24267,1.8,1,0.303,Medium Risk
1493,Operations,Senior,11637,2.5,0,0.302,Medium Risk
1265,Operations,Senior,31220,2.2,1,0.3,Medium Risk
1823,IT,Senior,24810,2.0,1,0.299,Low Risk
1476,Legal,Junior,5498,4.0,0,0.298,Low Risk
1801,Sales,Junior,5153,3.7,1,0.296,Low Risk
1401,HR,Junior,20749,2.1,2,0.296,Low Risk
1118,Finance,Lead,26598,2.6,0,0.296,Low Risk
1306,Operations,Junior,10565,1.8,2,0.295,Low Risk
1316,IT,Manager,24323,1.8,2,0.295,Low Risk
1813,Operations,Junior,29480,2.4,0,0.294,Low Risk
1926,Sales,Junior,5523,4.1,1,0.294,Low Risk
1448,Sales,Manager,24894,1.8,2,0.293,Low Risk
1975,Sales,Mid,5363,2.6,0,0.293,Low Risk
1318,IT,Senior,16891,1.8,2,0.292,Low Risk
1706,Sales,Lead,10840,3.5,0,0.291,Low Risk
1981,Operations,Junior,17921,2.0,2,0.291,Low Risk
1100,Operations,Lead,13334,2.5,0,0.291,Low Risk
1094,IT,Manager,15860,1.2,2,0.29,Low Risk
1843,Legal,Junior,23895,1.3,2,0.29,Low Risk
1777,IT,Lead,8085,3.8,0,0.289,Low Risk
1864,Legal,Senior,24576,1.2,2,0.286,Low Risk
1227,Finance,Manager,11691,2.2,2,0.286,Low Risk
1475,HR,Lead,16445,2.2,2,0.286,Low Risk
1174,HR,Manager,6605,3.4,0,0.285,Low Risk
1812,HR,Mid,9368,1.3,2,0.283,Low Risk
1851,Operations,Mid,11031,1.3,2,0.282,Low Risk
1307,Operations,Junior,13802,1.4,2,0.282,Low Risk
1154,Finance,Junior,22558,1.9,1,0.282,Low Risk
1189,Finance,Lead,6390,3.4,1,0.281,Low Risk
1764,Operations,Senior,5151,4.7,1,0.281,Low Risk
1383,Finance,Lead,22429,1.4,2,0.28,Low Risk
1308,HR,Manager,13307,2.5,1,0.278,Low Risk
1902,IT,Mid,10499,3.8,0,0.273,Low Risk
1103,Operations,Lead,12987,2.4,1,0.273,Low Risk
2000,HR,Manager,7244,3.0,2,0.273,Low Risk
1604,Sales,Junior,5001,4.2,1,0.273,Low Risk
1523,Legal,Junior,8768,4.0,0,0.273,Low Risk
1386,Operations,Junior,12951,1.0,2,0.272,Low Risk
1683,Sales,Junior,8161,1.6,2,0.271,Low Risk
1303,Operations,Junior,11146,1.2,2,0.271,Low Risk
1709,Finance,Mid,15426,3.7,0,0.27,Low Risk
1545,Sales,Lead,13313,1.8,0,0.27,Low Risk
1969,IT,Manager,9726,2.1,1,0.269,Low Risk
1738,IT,Manager,20479,2.2,0,0.267,Low Risk
1692,Sales,Junior,18502,3.2,1,0.267,Low Risk
1533,Legal,Senior,23557,3.8,0,0.266,Low Risk
1676,Legal,Lead,27797,1.3,2,0.265,Low Risk
1003,IT,Lead,6627,4.1,0,0.263,Low Risk
1872,Sales,Junior,17185,2.2,0,0.262,Low Risk
1362,Sales,Mid,6990,4.5,1,0.262,Low Risk
1696,Legal,Manager,19271,1.8,2,0.261,Low Risk
1468,Legal,Manager,21678,1.2,1,0.261,Low Risk
1663,Finance,Mid,24112,3.2,0,0.261,Low Risk
1487,Legal,Junior,34991,1.1,2,0.26,Low Risk
1353,Operations,Junior,18757,3.3,0,0.259,Low Risk
1319,HR,Senior,19998,2.3,2,0.259,Low Risk
1593,Finance,Mid,7155,2.7,2,0.257,Low Risk
1366,Operations,Manager,8775,3.0,0,0.256,Low Risk
1852,Finance,Mid,9243,4.7,0,0.256,Low Risk
1949,Sales,Senior,6410,4.9,1,0.255,Low Risk
1220,IT,Junior,14488,2.1,1,0.255,Low Risk
1042,Finance,Mid,9603,3.8,1,0.253,Low Risk
1153,Sales,Senior,18798,2.4,1,0.249,Low Risk
1357,Legal,Senior,30464,2.1,2,0.249,Low Risk
1311,IT,Junior,6391,3.4,2,0.248,Low Risk
1226,Sales,Mid,15785,1.2,2,0.247,Low Risk
1411,Finance,Junior,32812,1.7,1,0.246,Low Risk
1772,HR,Lead,7148,3.9,2,0.246,Low Risk
1667,Operations,Mid,28865,2.4,0,0.246,Low Risk
1895,Operations,Mid,22864,2.4,1,0.245,Low Risk
1039,Finance,Senior,9248,3.7,1,0.245,Low Risk
1591,IT,Senior,9011,3.1,1,0.243,Low Risk
1491,Operations,Manager,21576,3.0,0,0.242,Low Risk
1901,IT,Junior,11447,1.6,2,0.242,Low Risk
1501,IT,Junior,23952,1.8,2,0.242,Low Risk
1054,Legal,Lead,10618,2.5,0,0.242,Low Risk
1202,Legal,Junior,28472,3.1,0,0.242,Low Risk
1281,Finance,Mid,5463,3.3,0,0.239,Low Risk
1342,Finance,Mid,26991,4.0,0,0.237,Low Risk
1575,Sales,Junior,19260,2.7,1,0.236,Low Risk
1643,IT,Manager,8140,1.9,2,0.234,Low Risk
1467,Sales,Manager,29746,3.0,0,0.234,Low Risk
1635,Operations,Junior,28648,3.4,0,0.234,Low Risk
1257,Finance,Manager,9922,4.1,0,0.232,Low Risk
1032,HR,Lead,31483,2.4,0,0.231,Low Risk
1870,Sales,Lead,5067,3.1,0,0.231,Low Risk
1747,HR,Lead,14533,3.4,0,0.23,Low Risk
1990,Operations,Senior,30446,4.2,1,0.23,Low Risk
1269,Sales,Senior,18511,1.7,2,0.229,Low Risk
1602,IT,Mid,26087,4.1,0,0.229,Low Risk
1627,Sales,Manager,28062,2.0,2,0.229,Low Risk
1048,Finance,Manager,5220,4.0,2,0.229,Low Risk
1144,HR,Junior,19643,1.5,2,0.228,Low Risk
1225,IT,Senior,20881,2.7,0,0.227,Low Risk
1034,Operations,Senior,11487,3.5,0,0.226,Low Risk
1827,Legal,Manager,29436,3.4,0,0.226,Low Risk
1567,Operations,Manager,33124,3.8,0,0.225,Low Risk
1142,Legal,Senior,33663,4.6,0,0.225,Low Risk
1684,HR,Junior,9321,3.1,0,0.225,Low Risk
1276,Sales,Lead,25213,3.0,0,0.223,Low Risk
1109,Finance,Lead,22006,4.9,0,0.223,Low Risk
1348,Finance,Mid,6907,3.9,2,0.222,Low Risk
1075,Finance,Manager,28400,1.0,1,0.222,Low Risk
1586,Finance,Manager,10823,3.2,1,0.222,Low Risk
1792,IT,Manager,20323,4.3,0,0.222,Low Risk
1376,Legal,Manager,20960,1.4,1,0.221,Low Risk
1043,HR,Lead,32773,4.8,0,0.22,Low Risk
1007,Sales,Senior,23369,1.3,0,0.22,Low Risk
1457,Finance,Senior,16113,3.7,0,0.218,Low Risk
1784,Legal,Senior,28927,4.6,0,0.218,Low Risk
1797,IT,Junior,19259,3.4,0,0.218,Low Risk
1320,Sales,Manager,10969,3.5,0,0.217,Low Risk
1434,Finance,Senior,21896,1.4,2,0.216,Low Risk
1327,Finance,Manager,31181,4.9,0,0.216,Low Risk
1844,IT,Manager,5143,3.9,0,0.216,Low Risk
1850,HR,Manager,16397,2.2,2,0.215,Low Risk
1141,IT,Mid,29059,3.5,0,0.213,Low Risk
1088,Legal,Junior,31355,2.8,0,0.213,Low Risk
1020,Legal,Mid,7881,2.6,1,0.213,Low Risk
1918,Finance,Junior,22916,2.7,0,0.212,Low Risk
1644,Legal,Lead,12996,3.7,0,0.212,Low Risk
1186,Sales,Mid,12099,3.1,1,0.21,Low Risk
1294,HR,Junior,27504,1.5,2,0.21,Low Risk
1197,Sales,Senior,25696,3.5,0,0.21,Low Risk
1694,Sales,Lead,10801,2.4,0,0.209,Low Risk
1917,Legal,Lead,16819,1.0,1,0.208,Low Risk
1988,Legal,Lead,25224,2.5,2,0.208,Low Risk
1245,HR,Manager,18386,3.2,0,0.208,Low Risk
1396,Legal,Senior,9225,4.6,1,0.208,Low Risk
1504,IT,Manager,12465,1.3,2,0.207,Low Risk
1038,IT,Manager,27499,3.9,0,0.206,Low Risk
1896,IT,Manager,27614,3.0,0,0.206,Low Risk
1139,Operations,Manager,21932,1.1,2,0.205,Low Risk
1241,Sales,Senior,12037,2.4,2,0.205,Low Risk
1778,IT,Manager,24888,3.5,0,0.204,Low Risk
1115,HR,Lead,12788,1.4,2,0.204,Low Risk
1547,Finance,Mid,6317,4.6,0,0.203,Low Risk
1466,IT,Mid,5228,4.2,2,0.203,Low Risk
1590,Sales,Senior,24846,3.6,0,0.203,Low Risk
1385,Finance,Senior,33132,3.4,0,0.203,Low Risk
1748,HR,Junior,12127,2.6,1,0.203,Low Risk
1935,IT,Manager,12727,3.9,1,0.202,Low Risk
1193,Sales,Senior,23647,3.3,0,0.201,Low Risk
1086,Operations,Junior,26435,3.5,1,0.201,Low Risk
1529,Finance,Manager,18276,4.2,0,0.201,Low Risk
1958,HR,Senior,18465,1.2,2,0.2,Low Risk
1618,IT,Senior,26230,3.0,0,0.199,Low Risk
1204,Finance,Junior,7917,4.3,0,0.198,Low Risk
1689,Operations,Mid,28760,1.1,2,0.197,Low Risk
1105,Sales,Junior,8332,3.9,2,0.197,Low Risk
1729,Operations,Manager,17388,3.1,1,0.196,Low Risk
1465,IT,Manager,11256,3.2,0,0.196,Low Risk
1761,Operations,Mid,7708,4.3,2,0.195,Low Risk
1231,Legal,Manager,11358,4.4,1,0.195,Low Risk
1634,Operations,Mid,11937,2.2,2,0.195,Low Risk
1014,Legal,Manager,12164,3.3,0,0.195,Low Risk
1600,HR,Senior,18327,2.2,1,0.195,Low Risk
1191,Sales,Manager,9239,3.6,1,0.194,Low Risk
1010,Operations,Lead,13488,2.4,1,0.194,Low Risk
1578,Operations,Junior,5060,3.5,1,0.193,Low Risk
1123,HR,Lead,17478,4.4,0,0.193,Low Risk
1395,IT,Manager,23934,3.7,1,0.192,Low Risk
1027,Operations,Lead,33311,3.5,0,0.192,Low Risk
1218,Finance,Junior,28122,3.8,2,0.191,Low Risk
1155,Finance,Manager,33316,4.3,0,0.191,Low Risk
1877,Finance,Manager,16549,2.7,0,0.19,Low Risk
1674,Legal,Senior,20360,1.7,2,0.19,Low Risk
1739,HR,Lead,26088,2.0,2,0.188,Low Risk
1740,Finance,Senior,9823,1.1,2,0.188,Low Risk
1243,Operations,Mid,14499,2.4,2,0.187,Low Risk
1170,Legal,Senior,16110,2.0,2,0.187,Low Risk
1011,Operations,Mid,7181,4.0,0,0.187,Low Risk
1603,Operations,Mid,7706,3.9,2,0.186,Low Risk
1067,Sales,Senior,29920,4.6,0,0.184,Low Risk
1582,Finance,Senior,20323,4.4,0,0.184,Low Risk
1249,HR,Senior,28474,4.7,0,0.183,Low Risk
1556,Sales,Mid,20927,3.5,0,0.182,Low Risk
1483,Finance,Manager,11391,3.8,0,0.182,Low Risk
1482,HR,Junior,7118,3.7,2,0.182,Low Risk
1101,Operations,Mid,29162,1.1,1,0.182,Low Risk
1329,Legal,Lead,11414,1.5,2,0.182,Low Risk
1432,Legal,Lead,34566,1.8,2,0.181,Low Risk
1940,Finance,Mid,19900,4.9,0,0.181,Low Risk
1766,Sales,Lead,29428,3.6,0,0.18,Low Risk
1985,Finance,Manager,16197,1.4,2,0.18,Low Risk
1063,Sales,Lead,20207,3.2,2,0.18,Low Risk
1070,Operations,Senior,12813,2.8,1,0.18,Low Risk
1921,Operations,Manager,6996,3.8,2,0.18,Low Risk
1497,IT,Mid,6820,2.9,1,0.179,Low Risk
1375,IT,Senior,34645,1.4,1,0.179,Low Risk
1148,Finance,Senior,21955,3.1,2,0.179,Low Risk
1775,IT,Lead,6552,2.4,2,0.178,Low Risk
1746,Legal,Manager,31619,3.4,1,0.178,Low Risk
1394,HR,Lead,13633,4.2,0,0.177,Low Risk
1581,Operations,Junior,7895,3.2,2,0.177,Low Risk
1201,IT,Lead,19605,4.5,1,0.176,Low Risk
1331,Finance,Junior,28331,1.4,2,0.175,Low Risk
1051,HR,Mid,28576,4.5,0,0.175,Low Risk
1871,HR,Mid,33412,2.6,0,0.175,Low Risk
1536,Finance,Mid,11568,1.7,2,0.173,Low Risk
1767,Operations,Manager,22296,4.7,0,0.172,Low Risk
1289,Operations,Manager,27388,2.1,2,0.172,Low Risk
1044,HR,Lead,34162,3.5,0,0.17,Low Risk
1832,Operations,Junior,12011,3.9,0,0.169,Low Risk
1661,Finance,Junior,13737,4.0,2,0.169,Low Risk
1369,IT,Senior,26029,2.6,2,0.169,Low Risk
1605,Sales,Senior,14225,2.1,2,0.169,Low Risk
1301,IT,Manager,14775,3.0,1,0.168,Low Risk
1803,IT,Junior,17379,2.7,1,0.168,Low Risk
1915,HR,Manager,16602,2.9,1,0.168,Low Risk
1781,HR,Lead,28889,4.6,0,0.168,Low Risk
1910,IT,Mid,33455,3.3,1,0.167,Low Risk
1061,IT,Senior,23255,4.0,1,0.167,Low Risk
1160,Finance,Junior,22118,4.8,2,0.167,Low Risk
1073,Finance,Senior,12237,4.5,0,0.166,Low Risk
1279,Legal,Senior,23714,4.8,0,0.165,Low Risk
1820,Finance,Senior,28600,1.3,2,0.165,Low Risk
1770,HR,Mid,5495,2.8,0,0.165,Low Risk
1780,Legal,Junior,13926,2.6,1,0.164,Low Risk
1891,Legal,Junior,26475,4.2,0,0.164,Low Risk
1222,Legal,Junior,23604,4.1,2,0.163,Low Risk
1534,Legal,Senior,33060,2.1,2,0.163,Low Risk
1953,Sales,Mid,8364,3.4,1,0.163,Low Risk
1687,Operations,Manager,27653,4.9,2,0.161,Low Risk
1081,HR,Lead,22417,2.0,2,0.161,Low Risk
1409,IT,Lead,6551,2.5,2,0.161,Low Risk
1246,Sales,Lead,30765,3.4,1,0.161,Low Risk
1428,HR,Manager,7925,3.9,0,0.161,Low Risk
1623,IT,Senior,22285,4.8,0,0.16,Low Risk
1288,Sales,Senior,10417,1.8,2,0.16,Low Risk
1549,Sales,Junior,32094,3.5,0,0.159,Low Risk
1897,Legal,Lead,30678,2.8,1,0.159,Low Risk
1150,Legal,Mid,14830,1.3,2,0.159,Low Risk
1622,HR,Lead,29465,2.5,0,0.159,Low Risk
1458,Sales,Mid,9567,2.8,1,0.159,Low Risk
1277,Sales,Mid,11380,2.1,2,0.159,Low Risk
1947,Legal,Mid,21526,3.4,1,0.158,Low Risk
1548,Sales,Lead,25877,3.2,0,0.158,Low Risk
1455,Sales,Senior,27102,4.8,0,0.158,Low Risk
1053,IT,Lead,12349,4.9,0,0.158,Low Risk
1228,HR,Manager,25376,2.8,1,0.157,Low Risk
1983,Operations,Senior,18968,1.8,2,0.156,Low Risk
1725,HR,Mid,5992,3.5,1,0.154,Low Risk
1339,IT,Manager,10480,3.0,1,0.154,Low Risk
1447,Legal,Mid,6128,3.1,0,0.154,Low Risk
1768,IT,Manager,7321,4.5,2,0.154,Low Risk
1632,Legal,Senior,22451,3.5,0,0.154,Low Risk
1181,IT,Mid,30791,1.5,1,0.153,Low Risk
1714,Finance,Lead,27641,2.4,0,0.153,Low Risk
1280,Operations,Lead,23138,4.7,1,0.152,Low Risk
1321,Legal,Manager,14265,3.6,0,0.152,Low Risk
1344,Sales,Mid,14916,3.7,2,0.151,Low Risk
1652,Sales,Junior,12798,2.4,1,0.151,Low Risk
1884,Sales,Senior,25045,2.5,1,0.148,Low Risk
1806,Finance,Manager,10599,3.1,1,0.148,Low Risk
1859,HR,Mid,9185,4.3,0,0.147,Low Risk
1555,HR,Lead,33610,4.7,0,0.147,Low Risk
1569,IT,Mid,31532,4.6,0,0.145,Low Risk
1237,Operations,Junior,15570,2.4,2,0.145,Low Risk
1887,IT,Junior,15849,1.0,2,0.144,Low Risk
1002,IT,Lead,11772,3.9,2,0.143,Low Risk
1248,Finance,Junior,11221,3.9,1,0.143,Low Risk
1261,Operations,Lead,24567,3.8,2,0.142,Low Risk
1382,Operations,Junior,34428,4.7,1,0.142,Low Risk
1971,Operations,Lead,29054,4.1,0,0.142,Low Risk
1561,IT,Senior,31081,3.9,0,0.142,Low Risk
1866,Sales,Junior,22107,4.5,0,0.142,Low Risk
1934,Sales,Senior,9575,5.0,2,0.142,Low Risk
1494,HR,Senior,33464,3.4,0,0.142,Low Risk
1731,Finance,Junior,25906,3.8,1,0.141,Low Risk
1522,Legal,Mid,10077,2.7,2,0.14,Low Risk
1232,Sales,Senior,23565,3.3,0,0.14,Low Risk
1572,Finance,Lead,14088,5.0,0,0.14,Low Risk
1905,IT,Manager,27202,3.4,1,0.138,Low Risk
1587,Finance,Manager,33536,4.2,1,0.138,Low Risk
1364,IT,Senior,21374,2.3,2,0.138,Low Risk
1183,HR,Senior,10074,1.8,2,0.137,Low Risk
1817,Sales,Lead,32454,3.2,0,0.137,Low Risk
1403,HR,Mid,34670,3.3,0,0.137,Low Risk
1669,Legal,Lead,27814,4.9,1,0.136,Low Risk
1363,IT,Mid,10596,3.3,1,0.133,Low Risk
1391,Operations,Junior,14130,4.7,0,0.133,Low Risk
1132,Sales,Manager,16772,2.1,2,0.133,Low Risk
1028,HR,Junior,10650,1.1,2,0.133,Low Risk
1365,Operations,Senior,25382,3.9,0,0.132,Low Risk
1078,Finance,Manager,23982,3.5,0,0.132,Low Risk
1198,IT,Lead,6515,4.7,0,0.131,Low Risk
1324,Legal,Senior,24953,4.4,2,0.131,Low Risk
1982,Legal,Manager,6936,5.0,2,0.129,Low Risk
1724,Legal,Junior,18273,3.9,1,0.129,Low Risk
1650,Finance,Junior,17886,3.8,2,0.128,Low Risk
1835,HR,Manager,6212,2.7,2,0.128,Low Risk
1459,Finance,Senior,14271,4.3,0,0.128,Low Risk
1359,IT,Mid,28649,1.6,2,0.127,Low Risk
1379,Sales,Senior,9435,1.0,2,0.127,Low Risk
1479,HR,Manager,14017,5.0,0,0.126,Low Risk
1326,Sales,Manager,8150,2.9,1,0.126,Low Risk
1127,Operations,Mid,18277,4.7,0,0.126,Low Risk
1012,IT,Lead,16594,3.0,2,0.126,Low Risk
1025,Finance,Junior,6378,4.6,1,0.125,Low Risk
1994,Finance,Junior,30441,3.3,0,0.125,Low Risk
1601,Sales,Senior,29902,4.5,0,0.125,Low Risk
1112,Legal,Mid,7572,4.9,2,0.124,Low Risk
1180,Operations,Junior,20187,3.7,0,0.123,Low Risk
1425,Sales,Junior,17444,3.7,0,0.123,Low Risk
1685,Finance,Junior,30245,4.9,0,0.122,Low Risk
1325,IT,Lead,10454,3.1,1,0.121,Low Risk
1124,Operations,Mid,12533,3.5,0,0.121,Low Risk
1291,HR,Junior,32198,3.1,0,0.12,Low Risk
1450,HR,Senior,12867,4.6,0,0.12,Low Risk
1128,Sales,Mid,22524,2.5,1,0.119,Low Risk
1626,Finance,Lead,10398,3.9,1,0.119,Low Risk
1633,IT,Senior,21410,2.7,0,0.118,Low Risk
1446,Legal,Manager,15345,2.9,2,0.118,Low Risk
1821,Legal,Manager,34238,2.8,1,0.117,Low Risk
1322,Finance,Junior,20861,3.8,0,0.117,Low Risk
1907,IT,Manager,9994,4.6,0,0.116,Low Risk
1530,Legal,Junior,24989,4.3,1,0.116,Low Risk
1771,Legal,Junior,16987,2.4,0,0.116,Low Risk
1312,Sales,Manager,16516,3.9,2,0.116,Low Risk
1371,Legal,Junior,25871,1.1,2,0.115,Low Risk
1328,HR,Manager,20386,4.0,2,0.114,Low Risk
1498,Legal,Manager,24348,3.9,1,0.114,Low Risk
1516,IT,Lead,24824,4.9,1,0.113,Low Risk
1247,IT,Lead,26692,4.7,1,0.113,Low Risk
1883,Operations,Lead,20116,3.4,0,0.113,Low Risk
1929,IT,Lead,26749,4.4,1,0.112,Low Risk
1082,Operations,Mid,19877,4.3,1,0.111,Low Risk
1960,Operations,Senior,6172,4.2,2,0.111,Low Risk
1408,Finance,Senior,19783,4.2,1,0.11,Low Risk
1452,Operations,Manager,23749,4.5,0,0.11,Low Risk
1390,Operations,Manager,11768,4.1,1,0.109,Low Risk
1785,Sales,Senior,13055,2.8,1,0.109,Low Risk
1208,Finance,Manager,31928,4.9,0,0.109,Low Risk
1031,Sales,Senior,14456,2.8,1,0.108,Low Risk
1612,Operations,Manager,10269,2.5,1,0.108,Low Risk
1647,Operations,Senior,19201,4.5,1,0.108,Low Risk
1090,Sales,Junior,21862,4.7,0,0.108,Low Risk
1816,Legal,Junior,25151,4.3,1,0.108,Low Risk
1979,Finance,Manager,8240,3.8,2,0.107,Low Risk
1167,IT,Junior,9588,4.9,2,0.107,Low Risk
1700,Legal,Junior,23984,4.4,1,0.106,Low Risk
1250,IT,Mid,12769,4.6,2,0.106,Low Risk
1238,Finance,Manager,20897,3.1,1,0.104,Low Risk
1162,IT,Senior,5798,3.3,1,0.104,Low Risk
1583,IT,Senior,17352,2.8,1,0.104,Low Risk
1235,Operations,Manager,6462,2.9,1,0.103,Low Risk
1418,Legal,Junior,29426,3.0,1,0.103,Low Risk
1096,Finance,Manager,11297,4.4,2,0.103,Low Risk
1163,Sales,Lead,12601,2.5,0,0.102,Low Risk
1006,Sales,Senior,28464,2.9,1,0.102,Low Risk
1658,Sales,Senior,31702,4.2,2,0.101,Low Risk
1388,Finance,Mid,24065,3.1,1,0.1,Low Risk
1449,IT,Senior,33899,2.8,0,0.099,Low Risk
1712,IT,Senior,29705,3.9,0,0.098,Low Risk
1930,Finance,Senior,20732,3.9,2,0.098,Low Risk
1270,HR,Junior,22719,3.0,1,0.098,Low Risk
1763,Legal,Junior,22308,2.5,0,0.097,Low Risk
1192,IT,Junior,25863,4.1,0,0.097,Low Risk
1621,HR,Mid,30797,3.7,1,0.096,Low Risk
1129,Operations,Senior,31890,1.4,2,0.096,Low Risk
1287,Legal,Senior,9938,2.7,1,0.095,Low Risk
1210,Legal,Junior,29686,4.1,1,0.094,Low Risk
1613,Sales,Manager,28327,4.1,1,0.094,Low Risk
1168,HR,Senior,12297,3.1,0,0.094,Low Risk
1708,Finance,Lead,8565,4.8,2,0.094,Low Risk
1415,HR,Junior,6449,3.0,2,0.094,Low Risk
1769,HR,Manager,18865,3.0,2,0.094,Low Risk
1349,Legal,Manager,34424,4.6,1,0.094,Low Risk
1807,Legal,Senior,23100,3.6,1,0.093,Low Risk
1849,IT,Junior,18147,4.2,2,0.093,Low Risk
1597,Operations,Junior,14196,1.8,2,0.093,Low Risk
1470,Finance,Lead,30001,2.8,0,0.092,Low Risk
1824,HR,Junior,25167,2.6,2,0.092,Low Risk
1372,Finance,Lead,20706,2.4,1,0.092,Low Risk
1986,Legal,Manager,16998,3.3,0,0.092,Low Risk
1799,Legal,Mid,18016,3.7,0,0.091,Low Risk
1854,Operations,Manager,32718,4.2,0,0.091,Low Risk
1164,Finance,Manager,30363,4.9,1,0.091,Low Risk
1387,Sales,Manager,11449,4.6,0,0.091,Low Risk
1345,Sales,Lead,15143,3.0,1,0.09,Low Risk
1275,Legal,Manager,34058,2.0,1,0.089,Low Risk
1834,IT,Senior,34079,4.6,0,0.089,Low Risk
1686,Legal,Mid,18204,3.4,1,0.089,Low Risk
1217,Sales,Mid,20859,4.6,0,0.087,Low Risk
1585,Operations,Manager,21969,2.8,1,0.087,Low Risk
1908,Sales,Manager,34878,4.0,0,0.087,Low Risk
1802,Finance,Senior,12853,3.4,1,0.087,Low Risk
1828,Operations,Junior,25085,3.8,2,0.086,Low Risk
1596,Operations,Mid,11957,1.8,2,0.086,Low Risk
1639,HR,Lead,30142,3.0,2,0.086,Low Risk
1957,Operations,Junior,27469,4.2,1,0.086,Low Risk
1074,Legal,Junior,19175,4.6,1,0.086,Low Risk
1742,HR,Lead,9920,3.2,2,0.085,Low Risk
1649,Legal,Manager,9943,2.9,2,0.085,Low Risk
1330,Legal,Manager,9657,4.0,0,0.084,Low Risk
1463,Sales,Manager,7741,3.4,2,0.084,Low Risk
1315,Finance,Junior,20454,3.7,0,0.083,Low Risk
1716,IT,Manager,31636,1.9,2,0.083,Low Risk
1008,IT,Junior,33729,3.4,0,0.083,Low Risk
1511,IT,Manager,17197,3.7,1,0.083,Low Risk
1473,Legal,Lead,28185,3.1,1,0.083,Low Risk
1216,Finance,Lead,14947,4.8,0,0.083,Low Risk
1240,Operations,Lead,20474,4.2,0,0.082,Low Risk
1135,Sales,Senior,30763,2.6,1,0.082,Low Risk
1568,Sales,Senior,7757,3.6,2,0.081,Low Risk
1752,Operations,Lead,34968,1.5,2,0.08,Low Risk
1302,Sales,Manager,19559,2.8,0,0.08,Low Risk
1563,IT,Senior,32761,4.8,0,0.08,Low Risk
1242,Finance,Junior,33129,4.2,1,0.079,Low Risk
1666,Operations,Lead,15754,3.5,0,0.079,Low Risk
1584,Sales,Senior,16875,4.7,0,0.079,Low Risk
1932,HR,Junior,13167,2.7,2,0.078,Low Risk
1989,Finance,Junior,11923,3.1,1,0.078,Low Risk
1673,Finance,Manager,22000,4.3,2,0.078,Low Risk
1853,Sales,Lead,18647,2.6,1,0.078,Low Risk
1722,Operations,Lead,20871,3.0,1,0.078,Low Risk
1177,HR,Senior,16362,4.6,2,0.078,Low Risk
1490,Sales,Mid,33153,3.3,1,0.078,Low Risk
1045,Legal,Junior,24937,2.7,1,0.077,Low Risk
1513,Legal,Manager,20424,3.7,1,0.077,Low Risk
1528,Legal,Lead,27813,3.5,1,0.077,Low Risk
1715,HR,Senior,12366,4.4,2,0.077,Low Risk
1553,Operations,Lead,28991,3.0,1,0.076,Low Risk
1542,Finance,Lead,7159,4.8,2,0.075,Low Risk
1259,Finance,Lead,27706,2.8,0,0.075,Low Risk
1992,Sales,Senior,32561,4.8,2,0.075,Low Risk
1838,IT,Lead,14344,2.6,1,0.075,Low Risk
1334,Legal,Lead,25046,5.0,1,0.074,Low Risk
1309,Legal,Junior,12437,4.3,0,0.074,Low Risk
1690,Finance,Junior,16360,3.6,1,0.074,Low Risk
1730,Sales,Manager,23607,4.9,0,0.073,Low Risk
1662,HR,Mid,18920,3.5,0,0.073,Low Risk
1659,Sales,Junior,19914,3.2,1,0.073,Low Risk
1462,IT,Manager,18329,3.5,1,0.073,Low Risk
1966,Operations,Manager,21855,2.7,2,0.073,Low Risk
1136,Operations,Senior,25855,4.9,1,0.073,Low Risk
1841,Operations,Senior,28817,3.1,2,0.072,Low Risk
1001,Legal,Manager,17021,3.6,2,0.071,Low Risk
1429,Finance,Mid,14824,3.0,2,0.071,Low Risk
1657,Legal,Manager,16810,2.8,0,0.07,Low Risk
1295,IT,Junior,27202,3.3,1,0.07,Low Risk
1710,Sales,Senior,25977,4.6,0,0.07,Low Risk
1576,Operations,Lead,14743,3.6,0,0.069,Low Risk
1069,Finance,Lead,13236,3.0,0,0.069,Low Risk
1412,Legal,Senior,18799,4.8,0,0.069,Low Risk
1580,Operations,Junior,28065,2.8,2,0.068,Low Risk
1606,Operations,Junior,32057,4.5,1,0.067,Low Risk
1108,IT,Lead,14873,4.8,0,0.066,Low Risk
1672,Operations,Lead,31502,3.0,1,0.064,Low Risk
1469,IT,Mid,9284,2.5,2,0.064,Low Risk
1500,HR,Mid,31445,2.4,2,0.064,Low Risk
1628,Sales,Manager,10529,3.6,1,0.064,Low Risk
1931,Finance,Mid,24506,4.5,2,0.064,Low Risk
1707,Sales,Lead,33479,2.9,2,0.064,Low Risk
1579,Operations,Junior,14269,1.6,2,0.064,Low Risk
1973,Operations,Senior,16017,4.4,0,0.064,Low Risk
1509,Sales,Junior,32155,2.7,1,0.063,Low Risk
1358,Sales,Junior,20708,2.5,2,0.063,Low Risk
1166,IT,Senior,17496,2.6,2,0.062,Low Risk
1406,Sales,Mid,28620,2.4,2,0.062,Low Risk
1734,IT,Junior,9136,4.0,2,0.062,Low Risk
1130,IT,Junior,10730,3.8,2,0.061,Low Risk
1819,Legal,Lead,10994,4.8,2,0.061,Low Risk
1068,Legal,Manager,21252,3.8,1,0.061,Low Risk
1753,IT,Junior,25596,3.6,1,0.061,Low Risk
1688,IT,Mid,12099,4.4,1,0.061,Low Risk
1514,Finance,Mid,21053,4.5,2,0.061,Low Risk
1230,Legal,Lead,22297,2.8,0,0.061,Low Risk
1640,Operations,Mid,30279,3.4,1,0.061,Low Risk
1574,Finance,Senior,20124,4.3,1,0.061,Low Risk
1705,IT,Mid,21667,3.9,0,0.06,Low Risk
1616,Finance,Junior,13320,3.9,1,0.059,Low Risk
1711,Sales,Manager,22849,3.9,1,0.059,Low Risk
1296,Finance,Senior,21766,3.9,0,0.059,Low Risk
1943,Sales,Senior,32270,4.7,0,0.059,Low Risk
1035,Operations,Mid,22442,4.5,1,0.059,Low Risk
1721,Sales,Junior,21149,4.5,0,0.058,Low Risk
1595,Legal,Lead,28713,4.0,1,0.058,Low Risk
1440,Legal,Mid,28834,2.6,2,0.057,Low Risk
1333,Finance,Mid,29327,2.6,1,0.056,Low Risk
1200,Finance,Manager,11326,3.9,2,0.056,Low Risk
1029,Legal,Mid,17433,3.6,2,0.056,Low Risk
1974,Operations,Manager,25107,3.3,2,0.056,Low Risk
1414,Sales,Senior,11852,2.4,2,0.055,Low Risk
1839,Legal,Senior,11704,2.7,2,0.055,Low Risk
1212,IT,Junior,25711,2.8,2,0.054,Low Risk
1134,IT,Senior,21268,4.4,2,0.054,Low Risk
1356,HR,Mid,31957,2.8,0,0.054,Low Risk
1728,IT,Senior,32160,2.3,2,0.054,Low Risk
1253,Operations,Manager,26045,3.2,2,0.053,Low Risk
1928,HR,Senior,17410,3.6,0,0.053,Low Risk
1818,IT,Mid,30218,4.7,2,0.052,Low Risk
1577,Operations,Manager,13683,3.9,1,0.052,Low Risk
1023,Sales,Junior,10622,3.9,2,0.052,Low Risk
1889,Finance,Lead,31905,2.6,2,0.051,Low Risk
1424,Operations,Junior,31038,2.6,2,0.051,Low Risk
1392,Operations,Junior,28824,2.9,1,0.051,Low Risk
1203,Finance,Junior,10586,3.7,1,0.051,Low Risk
1380,Legal,Mid,24028,3.6,0,0.05,Low Risk
1745,Sales,Junior,22272,4.5,1,0.05,Low Risk
1540,Sales,Manager,18854,2.8,2,0.049,Low Risk
1923,Legal,Senior,16619,4.6,2,0.049,Low Risk
1527,Sales,Manager,34245,3.7,1,0.049,Low Risk
1867,Legal,Junior,27078,4.0,1,0.049,Low Risk
1645,Operations,Mid,20489,4.9,0,0.049,Low Risk
1122,Sales,Senior,20855,4.2,1,0.049,Low Risk
1098,Operations,Manager,32856,4.7,2,0.048,Low Risk
1317,Sales,Senior,34719,4.5,1,0.048,Low Risk
1735,Sales,Lead,34100,4.0,1,0.048,Low Risk
1681,Legal,Junior,24465,4.6,1,0.047,Low Risk
1065,Sales,Manager,26905,3.8,0,0.047,Low Risk
1346,Sales,Junior,30855,4.7,2,0.047,Low Risk
1646,Operations,Senior,22974,3.8,1,0.047,Low Risk
1187,Legal,Senior,22874,4.4,2,0.047,Low Risk
1927,IT,Lead,25659,4.2,2,0.046,Low Risk
1668,HR,Mid,31655,2.6,2,0.046,Low Risk
1624,HR,Senior,19380,4.5,0,0.046,Low Risk
1378,Finance,Manager,16357,5.0,1,0.046,Low Risk
1860,Sales,Junior,30933,3.3,2,0.045,Low Risk
1560,Legal,Senior,13107,3.1,1,0.045,Low Risk
1120,Operations,Junior,34703,3.1,2,0.045,Low Risk
1338,Legal,Senior,26452,3.9,0,0.045,Low Risk
1933,Operations,Lead,10190,4.0,1,0.045,Low Risk
1614,IT,Lead,16112,3.0,2,0.044,Low Risk
1461,Operations,Senior,16703,4.1,2,0.044,Low Risk
1506,Sales,Senior,32314,3.8,1,0.043,Low Risk
1938,HR,Senior,7131,3.3,2,0.043,Low Risk
1972,Legal,Mid,34709,4.8,1,0.043,Low Risk
1185,Sales,Senior,31426,4.3,0,0.043,Low Risk
1970,Finance,Lead,16789,2.6,1,0.043,Low Risk
1845,IT,Senior,15681,3.2,2,0.043,Low Risk
1488,HR,Junior,19917,3.5,2,0.042,Low Risk
1532,Sales,Lead,16475,2.7,1,0.042,Low Risk
1787,Sales,Junior,27634,4.8,1,0.041,Low Risk
1477,Finance,Junior,7809,4.9,2,0.041,Low Risk
1340,Legal,Junior,13033,3.7,2,0.041,Low Risk
1283,Sales,Junior,25651,4.3,0,0.041,Low Risk
1968,Sales,Lead,13738,3.4,1,0.041,Low Risk
1737,Operations,Junior,17653,2.9,1,0.04,Low Risk
1049,Sales,Junior,19226,4.0,1,0.04,Low Risk
1991,Finance,Mid,25995,4.3,1,0.04,Low Risk
1236,Finance,Manager,20511,2.4,2,0.04,Low Risk
1505,Operations,Lead,28986,3.7,2,0.04,Low Risk
1697,Legal,Lead,21075,4.5,0,0.039,Low Risk
1239,Finance,Junior,16646,3.3,2,0.039,Low Risk
1837,Operations,Manager,19141,2.8,2,0.038,Low Risk
1873,HR,Mid,23890,3.7,1,0.038,Low Risk
1133,HR,Lead,28849,5.0,2,0.038,Low Risk
1182,HR,Junior,29900,4.1,2,0.038,Low Risk
1143,Finance,Lead,29648,3.5,1,0.038,Low Risk
1541,Sales,Senior,28709,2.8,1,0.037,Low Risk
1114,Legal,Lead,10033,2.7,2,0.037,Low Risk
1531,HR,Manager,17746,4.5,2,0.036,Low Risk
1794,Sales,Manager,31870,4.1,2,0.036,Low Risk
1102,Sales,Senior,11008,4.4,2,0.035,Low Risk
1952,Finance,Mid,31292,3.1,1,0.035,Low Risk
1552,HR,Mid,22517,3.5,2,0.035,Low Risk
1677,IT,Mid,22587,3.8,2,0.035,Low Risk
1924,IT,Lead,21661,2.8,2,0.035,Low Risk
1756,Finance,Manager,30693,3.2,1,0.035,Low Risk
1137,Operations,Junior,17940,3.6,2,0.034,Low Risk
1445,Legal,Junior,31907,4.5,2,0.034,Low Risk
1856,Sales,Lead,14549,3.6,2,0.034,Low Risk
1046,Finance,Lead,17632,3.1,1,0.034,Low Risk
1519,HR,Junior,16694,2.7,1,0.033,Low Risk
1755,Legal,Junior,23799,4.0,1,0.033,Low Risk
1559,Finance,Junior,19904,3.7,2,0.033,Low Risk
1282,HR,Junior,14158,2.9,2,0.032,Low Risk
1464,IT,Mid,24404,4.4,2,0.032,Low Risk
1254,Finance,Senior,30783,4.9,2,0.032,Low Risk
1759,Legal,Manager,23122,3.5,2,0.032,Low Risk
1570,Sales,Lead,11464,3.9,1,0.032,Low Risk
1286,Finance,Junior,18434,4.3,1,0.031,Low Risk
1956,Sales,Lead,30986,3.0,1,0.031,Low Risk
1695,Legal,Junior,19130,4.7,2,0.031,Low Risk
1655,HR,Manager,13092,3.9,2,0.031,Low Risk
1272,HR,Junior,17995,3.9,2,0.031,Low Risk
1588,Finance,Mid,16962,3.3,2,0.031,Low Risk
1252,Finance,Manager,19356,3.1,1,0.031,Low Risk
1664,Operations,Lead,33310,4.0,2,0.03,Low Risk
1890,IT,Junior,12067,4.4,2,0.03,Low Risk
1266,Sales,Lead,8968,3.7,2,0.03,Low Risk
1869,HR,Mid,10555,3.1,2,0.03,Low Risk
1018,IT,Manager,14290,4.4,2,0.03,Low Risk
1084,IT,Senior,28283,2.9,1,0.029,Low Risk
1351,Operations,Lead,14216,2.8,2,0.029,Low Risk
1407,IT,Senior,33307,2.6,2,0.028,Low Risk
1255,HR,Lead,23278,4.1,1,0.028,Low Risk
1810,IT,Mid,16049,4.9,2,0.028,Low Risk
1751,Sales,Senior,20696,4.3,1,0.028,Low Risk
1809,HR,Lead,19785,4.1,2,0.027,Low Risk
1800,HR,Senior,14369,3.1,2,0.027,Low Risk
1535,Sales,Manager,31098,5.0,1,0.027,Low Risk
1397,Finance,Mid,21980,3.8,1,0.027,Low Risk
1793,Operations,Mid,22380,4.6,1,0.027,Low Risk
1360,HR,Manager,14297,4.5,2,0.026,Low Risk
1300,Legal,Mid,22796,4.7,2,0.026,Low Risk
1825,Sales,Mid,26811,3.7,1,0.026,Low Risk
1920,Finance,Senior,26637,3.7,1,0.025,Low Risk
1840,Sales,Junior,20896,3.3,2,0.025,Low Risk
1648,Finance,Manager,12776,4.8,1,0.025,Low Risk
1808,Finance,Junior,32778,4.1,2,0.025,Low Risk
1176,Sales,Senior,15937,4.8,1,0.025,Low Risk
1223,Legal,Lead,14164,4.2,2,0.025,Low Risk
1525,Sales,Senior,12995,3.7,2,0.025,Low Risk
1022,Operations,Mid,18058,4.3,2,0.025,Low Risk
1517,Legal,Senior,9631,2.5,2,0.024,Low Risk
1060,Finance,Mid,32553,3.4,2,0.024,Low Risk
1444,Operations,Lead,15400,5.0,2,0.024,Low Risk
1765,Finance,Junior,30161,3.0,2,0.024,Low Risk
1964,Sales,Lead,13007,3.4,2,0.023,Low Risk
1814,Legal,Lead,19923,4.0,2,0.023,Low Risk
1314,IT,Senior,34086,3.4,1,0.023,Low Risk
1430,HR,Lead,31950,2.7,2,0.022,Low Risk
1343,IT,Mid,13543,5.0,2,0.022,Low Risk
1486,Finance,Manager,29326,3.8,1,0.021,Low Risk
1478,IT,Manager,9961,3.9,1,0.021,Low Risk
1732,Finance,Lead,24572,3.7,2,0.021,Low Risk
1209,Operations,Senior,22551,4.7,1,0.021,Low Risk
1571,Legal,Senior,21562,3.0,1,0.021,Low Risk
1251,IT,Lead,22071,3.4,2,0.02,Low Risk
1913,Legal,Manager,13269,3.2,2,0.02,Low Risk
1416,Legal,Lead,27337,3.0,2,0.02,Low Risk
1911,Finance,Manager,12489,4.1,2,0.02,Low Risk
1077,Operations,Manager,22898,3.9,2,0.02,Low Risk
1017,Sales,Senior,27444,3.5,1,0.019,Low Risk
1881,Sales,Manager,13747,3.9,1,0.019,Low Risk
1944,Finance,Manager,30018,2.9,2,0.019,Low Risk
1336,HR,Manager,26181,3.7,1,0.019,Low Risk
1021,Finance,Lead,34863,4.6,2,0.018,Low Risk
1178,Sales,Lead,34265,3.9,1,0.018,Low Risk
1009,Sales,Manager,14713,4.9,1,0.018,Low Risk
1104,Sales,Lead,34764,3.5,2,0.018,Low Risk
1783,Sales,Lead,26907,4.1,1,0.018,Low Risk
1993,Sales,Junior,18708,4.3,2,0.017,Low Risk
1367,Legal,Mid,32388,3.0,2,0.017,Low Risk
1906,Operations,Mid,11701,4.5,2,0.017,Low Risk
1036,HR,Senior,32325,4.8,2,0.017,Low Risk
1642,Legal,Mid,17472,3.9,2,0.017,Low Risk
1562,Finance,Junior,29354,3.3,2,0.016,Low Risk
1726,Sales,Manager,11858,4.9,2,0.016,Low Risk
1138,Operations,Lead,24723,4.0,2,0.016,Low Risk
1146,Legal,Lead,32777,4.4,1,0.016,Low Risk
1158,Sales,Lead,23628,4.9,2,0.016,Low Risk
1880,Sales,Manager,26209,2.9,1,0.016,Low Risk
1151,Operations,Junior,31407,3.7,2,0.015,Low Risk
1420,Legal,Lead,12509,4.9,2,0.015,Low Risk
1609,Sales,Manager,19820,3.3,1,0.015,Low Risk
1876,Legal,Senior,34291,4.2,1,0.015,Low Risk
1384,Sales,Senior,19626,4.8,2,0.014,Low Risk
1152,HR,Manager,31431,3.8,1,0.014,Low Risk
1815,HR,Lead,9272,2.8,2,0.014,Low Risk
1539,Operations,Lead,11080,4.1,2,0.014,Low Risk
1402,Legal,Manager,15832,3.1,2,0.013,Low Risk
1665,Finance,Lead,28110,3.9,2,0.013,Low Risk
1654,IT,Manager,22741,4.8,2,0.012,Low Risk
1215,Operations,Lead,8793,3.5,2,0.012,Low Risk
1097,Legal,Lead,30987,4.7,2,0.012,Low Risk
1822,Sales,Mid,30241,3.4,1,0.012,Low Risk
1543,Finance,Manager,32025,4.7,2,0.012,Low Risk
1558,Sales,Senior,29466,3.4,2,0.011,Low Risk
1702,HR,Senior,33174,4.0,1,0.011,Low Risk
1305,HR,Senior,27190,3.1,2,0.011,Low Risk
1510,IT,Lead,11103,2.8,2,0.01,Low Risk
1262,HR,Lead,25181,4.5,2,0.01,Low Risk
1274,Operations,Junior,21762,3.7,2,0.01,Low Risk
1057,Sales,Manager,28593,2.8,2,0.01,Low Risk
1950,Finance,Senior,17665,3.2,2,0.01,Low Risk
1863,Legal,Mid,26017,4.5,2,0.009,Low Risk
1857,Finance,Mid,20146,4.5,2,0.009,Low Risk
1720,Sales,Manager,27971,4.7,1,0.009,Low Risk
1083,Legal,Senior,15232,2.9,2,0.009,Low Risk
1456,Sales,Senior,11001,3.7,2,0.009,Low Risk
1085,Operations,Manager,29849,4.7,1,0.009,Low Risk
1095,Finance,Senior,18448,2.9,2,0.008,Low Risk
1861,HR,Manager,17486,3.4,2,0.008,Low Risk
1789,Legal,Mid,28630,3.1,2,0.008,Low Risk
1967,Finance,Mid,24324,3.2,2,0.008,Low Risk
1757,Finance,Mid,33839,2.8,2,0.008,Low Risk
1999,Finance,Lead,32473,4.2,2,0.008,Low Risk
1442,IT,Lead,15298,4.7,2,0.007,Low Risk
1405,IT,Lead,27852,4.1,2,0.007,Low Risk
1875,HR,Mid,21781,4.2,2,0.006,Low Risk
1460,IT,Mid,19348,4.8,2,0.006,Low Risk
1625,HR,Senior,16360,3.8,2,0.005,Low Risk
1116,Legal,Mid,20689,3.0,2,0.004,Low Risk
1436,Operations,Senior,12299,4.6,2,0.004,Low Risk
1701,Legal,Senior,27559,3.5,2,0.004,Low Risk
1087,HR,Senior,32223,4.6,2,0.004,Low Risk
